<?xml version="1.0" encoding="UTF-8"?>
<project-private xmlns="http://www.netbeans.org/ns/project-private/1">
    <editor-bookmarks xmlns="http://www.netbeans.org/ns/editor-bookmarks/2" lastBookmarkId="0"/>
    <open-files xmlns="http://www.netbeans.org/ns/projectui-open-files/2">
        <group>
            <file>file:/Users/kbuck/Documents/School%20Stuff/CS655%20-%20Web-Based%20Application%20Development/Term%20Project/CareMatcher/web/WEB-INF/web.xml</file>
            <file>file:/Users/kbuck/Documents/School%20Stuff/CS655%20-%20Web-Based%20Application%20Development/Term%20Project/CareMatcher/src/java/com/carematcher/search/LuceneSearch.java</file>
            <file>file:/Users/kbuck/Documents/School%20Stuff/CS655%20-%20Web-Based%20Application%20Development/Term%20Project/CareMatcher/web/registration.jsp</file>
            <file>file:/Users/kbuck/Documents/School%20Stuff/CS655%20-%20Web-Based%20Application%20Development/Term%20Project/CareMatcher/src/java/com/carematcher/control/LocationUpdateServlet.java</file>
            <file>file:/Users/kbuck/Documents/School%20Stuff/CS655%20-%20Web-Based%20Application%20Development/Term%20Project/CareMatcher/src/java/com/carematcher/control/RegistrationServlet.java</file>
            <file>file:/Users/kbuck/Documents/School%20Stuff/CS655%20-%20Web-Based%20Application%20Development/Term%20Project/CareMatcher/src/java/com/carematcher/data/UserRoleDB.java</file>
            <file>file:/Users/kbuck/Documents/School%20Stuff/CS655%20-%20Web-Based%20Application%20Development/Term%20Project/CareMatcher/src/java/com/carematcher/search/Searcher.java</file>
            <file>file:/Users/kbuck/Documents/School%20Stuff/CS655%20-%20Web-Based%20Application%20Development/Term%20Project/CareMatcher/src/java/com/carematcher/control/ViewProfileServlet.java</file>
            <file>file:/Users/kbuck/Documents/School%20Stuff/CS655%20-%20Web-Based%20Application%20Development/Term%20Project/CareMatcher/src/java/com/carematcher/util/QueryBuilder.java</file>
            <file>file:/Users/kbuck/Documents/School%20Stuff/CS655%20-%20Web-Based%20Application%20Development/Term%20Project/CareMatcher/src/java/com/carematcher/search/Indexer.java</file>
            <file>file:/Users/kbuck/Documents/School%20Stuff/CS655%20-%20Web-Based%20Application%20Development/Term%20Project/CareMatcher/web/confirmation.jsp</file>
            <file>file:/Users/kbuck/Documents/School%20Stuff/CS655%20-%20Web-Based%20Application%20Development/Term%20Project/CareMatcher/web/result.jsp</file>
            <file>file:/Users/kbuck/Documents/School%20Stuff/CS655%20-%20Web-Based%20Application%20Development/Term%20Project/CareMatcher/src/java/com/carematcher/data/CustomerDB.java</file>
            <file>file:/Users/kbuck/Documents/School%20Stuff/CS655%20-%20Web-Based%20Application%20Development/Term%20Project/CareMatcher/web/scripts/modalServiceSelect.js</file>
            <file>file:/Users/kbuck/Documents/School%20Stuff/CS655%20-%20Web-Based%20Application%20Development/Term%20Project/CareMatcher/web/scripts/getLocation.js</file>
            <file>file:/Users/kbuck/Documents/School%20Stuff/CS655%20-%20Web-Based%20Application%20Development/Term%20Project/CareMatcher/web/header.html</file>
            <file>file:/Users/kbuck/Documents/School%20Stuff/CS655%20-%20Web-Based%20Application%20Development/Term%20Project/CareMatcher/web/profile.jsp</file>
            <file>file:/Users/kbuck/Documents/School%20Stuff/CS655%20-%20Web-Based%20Application%20Development/Term%20Project/CareMatcher/web/searchResults.jsp</file>
            <file>file:/Users/kbuck/Documents/School%20Stuff/CS655%20-%20Web-Based%20Application%20Development/Term%20Project/CareMatcher/web/modalServiceSelect.jsp</file>
        </group>
    </open-files>
</project-private>
