<?xml version="1.0" encoding="UTF-8"?>
<project-private xmlns="http://www.netbeans.org/ns/project-private/1">
    <editor-bookmarks xmlns="http://www.netbeans.org/ns/editor-bookmarks/2" lastBookmarkId="0"/>
    <open-files xmlns="http://www.netbeans.org/ns/projectui-open-files/2">
        <group>
            <file>file:/Users/kbuck/Documents/School%20Stuff/CS655%20-%20Web-Based%20Application%20Development/Term%20Project/CareMatcher/web/home-alternate.jsp</file>
            <file>file:/Users/kbuck/Documents/School%20Stuff/CS655%20-%20Web-Based%20Application%20Development/Term%20Project/CareMatcher/web/home.jsp</file>
            <file>file:/Users/kbuck/Documents/School%20Stuff/CS655%20-%20Web-Based%20Application%20Development/Term%20Project/CareMatcher/src/java/com/carematcher/control/CarematcherContextListener.java</file>
            <file>file:/Users/kbuck/Documents/School%20Stuff/CS655%20-%20Web-Based%20Application%20Development/Term%20Project/CareMatcher/src/java/com/carematcher/control/HomeServlet.java</file>
            <file>file:/Users/kbuck/Documents/School%20Stuff/CS655%20-%20Web-Based%20Application%20Development/Term%20Project/CareMatcher/web/scripts/modalBioEdit.js</file>
            <file>file:/Users/kbuck/Documents/School%20Stuff/CS655%20-%20Web-Based%20Application%20Development/Term%20Project/CareMatcher/src/java/com/carematcher/util/StringUtil.java</file>
            <file>file:/Users/kbuck/Documents/School%20Stuff/CS655%20-%20Web-Based%20Application%20Development/Term%20Project/CareMatcher/web/modalServiceEdit.html</file>
            <file>file:/Users/kbuck/Documents/School%20Stuff/CS655%20-%20Web-Based%20Application%20Development/Term%20Project/CareMatcher/web/footer.html</file>
            <file>file:/Users/kbuck/Documents/School%20Stuff/CS655%20-%20Web-Based%20Application%20Development/Term%20Project/CareMatcher/src/java/com/carematcher/control/LocationUpdateServlet.java</file>
            <file>file:/Users/kbuck/Documents/School%20Stuff/CS655%20-%20Web-Based%20Application%20Development/Term%20Project/CareMatcher/src/java/com/carematcher/control/RegistrationServlet.java</file>
            <file>file:/Users/kbuck/Documents/School%20Stuff/CS655%20-%20Web-Based%20Application%20Development/Term%20Project/CareMatcher/src/java/com/carematcher/search/Searcher.java</file>
            <file>file:/Users/kbuck/Documents/School%20Stuff/CS655%20-%20Web-Based%20Application%20Development/Term%20Project/CareMatcher/web/header.jsp</file>
            <file>file:/Users/kbuck/Documents/School%20Stuff/CS655%20-%20Web-Based%20Application%20Development/Term%20Project/CareMatcher/src/java/com/carematcher/control/CarematcherSessionListener.java</file>
            <file>file:/Users/kbuck/Documents/School%20Stuff/CS655%20-%20Web-Based%20Application%20Development/Term%20Project/CareMatcher/src/java/com/carematcher/control/LoginServlet.java</file>
            <file>file:/Users/kbuck/Documents/School%20Stuff/CS655%20-%20Web-Based%20Application%20Development/Term%20Project/CareMatcher/web/footer.jsp</file>
            <file>file:/Users/kbuck/Documents/School%20Stuff/CS655%20-%20Web-Based%20Application%20Development/Term%20Project/CareMatcher/src/java/com/carematcher/control/ProfileEditServlet.java</file>
            <file>file:/Users/kbuck/Documents/School%20Stuff/CS655%20-%20Web-Based%20Application%20Development/Term%20Project/CareMatcher/src/java/com/carematcher/data/ServiceDB.java</file>
            <file>file:/Users/kbuck/Documents/School%20Stuff/CS655%20-%20Web-Based%20Application%20Development/Term%20Project/CareMatcher/web/scripts/modalServiceSelect.js</file>
            <file>file:/Users/kbuck/Documents/School%20Stuff/CS655%20-%20Web-Based%20Application%20Development/Term%20Project/CareMatcher/web/header.html</file>
            <file>file:/Users/kbuck/Documents/School%20Stuff/CS655%20-%20Web-Based%20Application%20Development/Term%20Project/CareMatcher/web/scripts/modalServiceEdit.js</file>
            <file>file:/Users/kbuck/Documents/School%20Stuff/CS655%20-%20Web-Based%20Application%20Development/Term%20Project/CareMatcher/web/profile.jsp</file>
            <file>file:/Users/kbuck/Documents/School%20Stuff/CS655%20-%20Web-Based%20Application%20Development/Term%20Project/CareMatcher/web/modalServiceSelect.jsp</file>
        </group>
    </open-files>
</project-private>
