<?xml version="1.0" encoding="UTF-8"?>
<project-private xmlns="http://www.netbeans.org/ns/project-private/1">
    <editor-bookmarks xmlns="http://www.netbeans.org/ns/editor-bookmarks/2" lastBookmarkId="0"/>
    <open-files xmlns="http://www.netbeans.org/ns/projectui-open-files/2">
        <group>
            <file>file:/Users/kbuck/Documents/School%20Stuff/CS655%20-%20Web-Based%20Application%20Development/Term%20Project/CareMatcher/web/home.jsp</file>
            <file>file:/Users/kbuck/Documents/School%20Stuff/CS655%20-%20Web-Based%20Application%20Development/Term%20Project/CareMatcher/src/java/com/carematcher/control/HomeServlet.java</file>
            <file>file:/Users/kbuck/Documents/School%20Stuff/CS655%20-%20Web-Based%20Application%20Development/Term%20Project/CareMatcher/src/java/com/carematcher/data/UserDB.java</file>
            <file>file:/Users/kbuck/Documents/School%20Stuff/CS655%20-%20Web-Based%20Application%20Development/Term%20Project/CareMatcher/src/java/com/carematcher/control/RegisterServlet.java</file>
            <file>file:/Users/kbuck/Documents/School%20Stuff/CS655%20-%20Web-Based%20Application%20Development/Term%20Project/CareMatcher/web/registration.jsp</file>
            <file>file:/Users/kbuck/Documents/School%20Stuff/CS655%20-%20Web-Based%20Application%20Development/Term%20Project/CareMatcher/src/java/com/carematcher/control/LogoutServlet.java</file>
            <file>file:/Users/kbuck/Documents/School%20Stuff/CS655%20-%20Web-Based%20Application%20Development/Term%20Project/CareMatcher/src/java/com/carematcher/util/PasswordHash.java</file>
            <file>file:/Users/kbuck/Documents/School%20Stuff/CS655%20-%20Web-Based%20Application%20Development/Term%20Project/CareMatcher/src/java/com/carematcher/business/Provider.java</file>
            <file>file:/Users/kbuck/Documents/School%20Stuff/CS655%20-%20Web-Based%20Application%20Development/Term%20Project/CareMatcher/src/java/com/carematcher/control/LoginServlet.java</file>
            <file>file:/Users/kbuck/Documents/School%20Stuff/CS655%20-%20Web-Based%20Application%20Development/Term%20Project/CareMatcher/src/java/com/carematcher/business/Customer.java</file>
            <file>file:/Users/kbuck/Documents/School%20Stuff/CS655%20-%20Web-Based%20Application%20Development/Term%20Project/CareMatcher/src/java/com/carematcher/data/CustomerDB.java</file>
            <file>file:/Users/kbuck/Documents/School%20Stuff/CS655%20-%20Web-Based%20Application%20Development/Term%20Project/CareMatcher/web/header.html</file>
            <file>file:/Users/kbuck/Documents/School%20Stuff/CS655%20-%20Web-Based%20Application%20Development/Term%20Project/CareMatcher/web/profile.jsp</file>
            <file>file:/Users/kbuck/Documents/School%20Stuff/CS655%20-%20Web-Based%20Application%20Development/Term%20Project/CareMatcher/src/java/com/carematcher/business/User.java</file>
        </group>
    </open-files>
</project-private>
